sprint_id,sprint_name,sprint_number,team_id,team_name,release_id,start_date,end_date,capacity_hours,headcount
1,Sprint 1 - Scrum Team 1 - Release X,1,1,Scrum Team 1,REL_X,2024-01-01,2024-01-15,320,8
2,Sprint 2 - Scrum Team 1 - Release X,2,1,Scrum Team 1,REL_X,2024-01-15,2024-01-29,320,8
3,Sprint 3 - Scrum Team 1 - Release X,3,1,Scrum Team 1,REL_X,2024-01-29,2024-02-12,320,8
4,Sprint 4 - Scrum Team 1 - Release X,4,1,Scrum Team 1,REL_X,2024-02-12,2024-02-26,320,8
5,Sprint 5 - Scrum Team 1 - Release X,5,1,Scrum Team 1,REL_X,2024-02-26,2024-03-11,320,8
6,Sprint 6 - Scrum Team 1 - Release X,6,1,Scrum Team 1,REL_X,2024-03-11,2024-03-25,320,8
7,Sprint 7 - Scrum Team 1 - Release X,7,1,Scrum Team 1,REL_X,2024-03-25,2024-04-08,320,8
8,Sprint 8 - Scrum Team 1 - Release X,8,1,Scrum Team 1,REL_X,2024-04-08,2024-04-22,320,8
9,Sprint 9 - Scrum Team 1 - Release X,9,1,Scrum Team 1,REL_X,2024-04-22,2024-05-06,320,8
10,Sprint 10 - Scrum Team 1 - Release X,10,1,Scrum Team 1,REL_X,2024-05-06,2024-05-20,320,8
11,Sprint 11 - Scrum Team 1 - Release X,11,1,Scrum Team 1,REL_X,2024-05-20,2024-06-03,320,8
12,Sprint 12 - Scrum Team 1 - Release X,12,1,Scrum Team 1,REL_X,2024-06-03,2024-06-17,320,8
13,Sprint 13 - Scrum Team 1 - Release X,13,1,Scrum Team 1,REL_X,2024-06-17,2024-07-01,320,8
14,Sprint 14 - Scrum Team 1 - Release X,14,1,Scrum Team 1,REL_X,2024-07-01,2024-07-15,320,8
15,Sprint 15 - Scrum Team 1 - Release X,15,1,Scrum Team 1,REL_X,2024-07-15,2024-07-29,320,8
16,Sprint 16 - Scrum Team 1 - Release X,16,1,Scrum Team 1,REL_X,2024-07-29,2024-08-12,320,8
17,Sprint 17 - Scrum Team 1 - Release X,17,1,Scrum Team 1,REL_X,2024-08-12,2024-08-26,320,8
18,Sprint 18 - Scrum Team 1 - Release X,18,1,Scrum Team 1,REL_X,2024-08-26,2024-09-09,320,8
19,Sprint 1 - Scrum Team 2 - Release X,1,2,Scrum Team 2,REL_X,2024-01-01,2024-01-15,320,8
20,Sprint 2 - Scrum Team 2 - Release X,2,2,Scrum Team 2,REL_X,2024-01-15,2024-01-29,320,8
21,Sprint 3 - Scrum Team 2 - Release X,3,2,Scrum Team 2,REL_X,2024-01-29,2024-02-12,320,8
22,Sprint 4 - Scrum Team 2 - Release X,4,2,Scrum Team 2,REL_X,2024-02-12,2024-02-26,320,8
23,Sprint 5 - Scrum Team 2 - Release X,5,2,Scrum Team 2,REL_X,2024-02-26,2024-03-11,320,8
24,Sprint 6 - Scrum Team 2 - Release X,6,2,Scrum Team 2,REL_X,2024-03-11,2024-03-25,320,8
25,Sprint 7 - Scrum Team 2 - Release X,7,2,Scrum Team 2,REL_X,2024-03-25,2024-04-08,320,8
26,Sprint 8 - Scrum Team 2 - Release X,8,2,Scrum Team 2,REL_X,2024-04-08,2024-04-22,320,8
27,Sprint 9 - Scrum Team 2 - Release X,9,2,Scrum Team 2,REL_X,2024-04-22,2024-05-06,320,8
28,Sprint 10 - Scrum Team 2 - Release X,10,2,Scrum Team 2,REL_X,2024-05-06,2024-05-20,320,8
29,Sprint 11 - Scrum Team 2 - Release X,11,2,Scrum Team 2,REL_X,2024-05-20,2024-06-03,320,8
30,Sprint 12 - Scrum Team 2 - Release X,12,2,Scrum Team 2,REL_X,2024-06-03,2024-06-17,320,8
31,Sprint 13 - Scrum Team 2 - Release X,13,2,Scrum Team 2,REL_X,2024-06-17,2024-07-01,320,8
32,Sprint 14 - Scrum Team 2 - Release X,14,2,Scrum Team 2,REL_X,2024-07-01,2024-07-15,320,8
33,Sprint 15 - Scrum Team 2 - Release X,15,2,Scrum Team 2,REL_X,2024-07-15,2024-07-29,320,8
34,Sprint 16 - Scrum Team 2 - Release X,16,2,Scrum Team 2,REL_X,2024-07-29,2024-08-12,320,8
35,Sprint 17 - Scrum Team 2 - Release X,17,2,Scrum Team 2,REL_X,2024-08-12,2024-08-26,320,8
36,Sprint 18 - Scrum Team 2 - Release X,18,2,Scrum Team 2,REL_X,2024-08-26,2024-09-09,320,8
37,Sprint 1 - Scrum Team 3 - Release X,1,3,Scrum Team 3,REL_X,2024-01-01,2024-01-15,400,10
38,Sprint 2 - Scrum Team 3 - Release X,2,3,Scrum Team 3,REL_X,2024-01-15,2024-01-29,400,10
39,Sprint 3 - Scrum Team 3 - Release X,3,3,Scrum Team 3,REL_X,2024-01-29,2024-02-12,400,10
40,Sprint 4 - Scrum Team 3 - Release X,4,3,Scrum Team 3,REL_X,2024-02-12,2024-02-26,400,10
41,Sprint 5 - Scrum Team 3 - Release X,5,3,Scrum Team 3,REL_X,2024-02-26,2024-03-11,400,10
42,Sprint 6 - Scrum Team 3 - Release X,6,3,Scrum Team 3,REL_X,2024-03-11,2024-03-25,400,10
43,Sprint 7 - Scrum Team 3 - Release X,7,3,Scrum Team 3,REL_X,2024-03-25,2024-04-08,400,10
44,Sprint 8 - Scrum Team 3 - Release X,8,3,Scrum Team 3,REL_X,2024-04-08,2024-04-22,400,10
45,Sprint 9 - Scrum Team 3 - Release X,9,3,Scrum Team 3,REL_X,2024-04-22,2024-05-06,400,10
46,Sprint 10 - Scrum Team 3 - Release X,10,3,Scrum Team 3,REL_X,2024-05-06,2024-05-20,400,10
47,Sprint 11 - Scrum Team 3 - Release X,11,3,Scrum Team 3,REL_X,2024-05-20,2024-06-03,400,10
48,Sprint 12 - Scrum Team 3 - Release X,12,3,Scrum Team 3,REL_X,2024-06-03,2024-06-17,400,10
49,Sprint 13 - Scrum Team 3 - Release X,13,3,Scrum Team 3,REL_X,2024-06-17,2024-07-01,400,10
50,Sprint 14 - Scrum Team 3 - Release X,14,3,Scrum Team 3,REL_X,2024-07-01,2024-07-15,400,10
51,Sprint 15 - Scrum Team 3 - Release X,15,3,Scrum Team 3,REL_X,2024-07-15,2024-07-29,400,10
52,Sprint 16 - Scrum Team 3 - Release X,16,3,Scrum Team 3,REL_X,2024-07-29,2024-08-12,400,10
53,Sprint 17 - Scrum Team 3 - Release X,17,3,Scrum Team 3,REL_X,2024-08-12,2024-08-26,400,10
54,Sprint 18 - Scrum Team 3 - Release X,18,3,Scrum Team 3,REL_X,2024-08-26,2024-09-09,400,10
55,Sprint 1 - Scrum Team 4 - Release X,1,4,Scrum Team 4,REL_X,2024-01-01,2024-01-15,320,8
56,Sprint 2 - Scrum Team 4 - Release X,2,4,Scrum Team 4,REL_X,2024-01-15,2024-01-29,320,8
57,Sprint 3 - Scrum Team 4 - Release X,3,4,Scrum Team 4,REL_X,2024-01-29,2024-02-12,320,8
58,Sprint 4 - Scrum Team 4 - Release X,4,4,Scrum Team 4,REL_X,2024-02-12,2024-02-26,320,8
59,Sprint 5 - Scrum Team 4 - Release X,5,4,Scrum Team 4,REL_X,2024-02-26,2024-03-11,320,8
60,Sprint 6 - Scrum Team 4 - Release X,6,4,Scrum Team 4,REL_X,2024-03-11,2024-03-25,320,8
61,Sprint 7 - Scrum Team 4 - Release X,7,4,Scrum Team 4,REL_X,2024-03-25,2024-04-08,320,8
62,Sprint 8 - Scrum Team 4 - Release X,8,4,Scrum Team 4,REL_X,2024-04-08,2024-04-22,320,8
63,Sprint 9 - Scrum Team 4 - Release X,9,4,Scrum Team 4,REL_X,2024-04-22,2024-05-06,320,8
64,Sprint 10 - Scrum Team 4 - Release X,10,4,Scrum Team 4,REL_X,2024-05-06,2024-05-20,320,8
65,Sprint 11 - Scrum Team 4 - Release X,11,4,Scrum Team 4,REL_X,2024-05-20,2024-06-03,320,8
66,Sprint 12 - Scrum Team 4 - Release X,12,4,Scrum Team 4,REL_X,2024-06-03,2024-06-17,320,8
67,Sprint 13 - Scrum Team 4 - Release X,13,4,Scrum Team 4,REL_X,2024-06-17,2024-07-01,320,8
68,Sprint 14 - Scrum Team 4 - Release X,14,4,Scrum Team 4,REL_X,2024-07-01,2024-07-15,320,8
69,Sprint 15 - Scrum Team 4 - Release X,15,4,Scrum Team 4,REL_X,2024-07-15,2024-07-29,320,8
70,Sprint 16 - Scrum Team 4 - Release X,16,4,Scrum Team 4,REL_X,2024-07-29,2024-08-12,320,8
71,Sprint 17 - Scrum Team 4 - Release X,17,4,Scrum Team 4,REL_X,2024-08-12,2024-08-26,320,8
72,Sprint 18 - Scrum Team 4 - Release X,18,4,Scrum Team 4,REL_X,2024-08-26,2024-09-09,320,8
73,Sprint 1 - Scrum Team 5 - Release X,1,5,Scrum Team 5,REL_X,2024-01-01,2024-01-15,400,10
74,Sprint 2 - Scrum Team 5 - Release X,2,5,Scrum Team 5,REL_X,2024-01-15,2024-01-29,400,10
75,Sprint 3 - Scrum Team 5 - Release X,3,5,Scrum Team 5,REL_X,2024-01-29,2024-02-12,400,10
76,Sprint 4 - Scrum Team 5 - Release X,4,5,Scrum Team 5,REL_X,2024-02-12,2024-02-26,400,10
77,Sprint 5 - Scrum Team 5 - Release X,5,5,Scrum Team 5,REL_X,2024-02-26,2024-03-11,400,10
78,Sprint 6 - Scrum Team 5 - Release X,6,5,Scrum Team 5,REL_X,2024-03-11,2024-03-25,400,10
79,Sprint 7 - Scrum Team 5 - Release X,7,5,Scrum Team 5,REL_X,2024-03-25,2024-04-08,400,10
80,Sprint 8 - Scrum Team 5 - Release X,8,5,Scrum Team 5,REL_X,2024-04-08,2024-04-22,400,10
81,Sprint 9 - Scrum Team 5 - Release X,9,5,Scrum Team 5,REL_X,2024-04-22,2024-05-06,400,10
82,Sprint 10 - Scrum Team 5 - Release X,10,5,Scrum Team 5,REL_X,2024-05-06,2024-05-20,400,10
83,Sprint 11 - Scrum Team 5 - Release X,11,5,Scrum Team 5,REL_X,2024-05-20,2024-06-03,400,10
84,Sprint 12 - Scrum Team 5 - Release X,12,5,Scrum Team 5,REL_X,2024-06-03,2024-06-17,400,10
85,Sprint 13 - Scrum Team 5 - Release X,13,5,Scrum Team 5,REL_X,2024-06-17,2024-07-01,400,10
86,Sprint 14 - Scrum Team 5 - Release X,14,5,Scrum Team 5,REL_X,2024-07-01,2024-07-15,400,10
87,Sprint 15 - Scrum Team 5 - Release X,15,5,Scrum Team 5,REL_X,2024-07-15,2024-07-29,400,10
88,Sprint 16 - Scrum Team 5 - Release X,16,5,Scrum Team 5,REL_X,2024-07-29,2024-08-12,400,10
89,Sprint 17 - Scrum Team 5 - Release X,17,5,Scrum Team 5,REL_X,2024-08-12,2024-08-26,400,10
90,Sprint 18 - Scrum Team 5 - Release X,18,5,Scrum Team 5,REL_X,2024-08-26,2024-09-09,400,10
91,Sprint 1 - Scrum Team 6 - Release X,1,6,Scrum Team 6,REL_X,2024-01-01,2024-01-15,120,3
92,Sprint 2 - Scrum Team 6 - Release X,2,6,Scrum Team 6,REL_X,2024-01-15,2024-01-29,120,3
93,Sprint 3 - Scrum Team 6 - Release X,3,6,Scrum Team 6,REL_X,2024-01-29,2024-02-12,120,3
94,Sprint 4 - Scrum Team 6 - Release X,4,6,Scrum Team 6,REL_X,2024-02-12,2024-02-26,120,3
95,Sprint 5 - Scrum Team 6 - Release X,5,6,Scrum Team 6,REL_X,2024-02-26,2024-03-11,120,3
96,Sprint 6 - Scrum Team 6 - Release X,6,6,Scrum Team 6,REL_X,2024-03-11,2024-03-25,120,3
97,Sprint 7 - Scrum Team 6 - Release X,7,6,Scrum Team 6,REL_X,2024-03-25,2024-04-08,120,3
98,Sprint 8 - Scrum Team 6 - Release X,8,6,Scrum Team 6,REL_X,2024-04-08,2024-04-22,120,3
99,Sprint 9 - Scrum Team 6 - Release X,9,6,Scrum Team 6,REL_X,2024-04-22,2024-05-06,120,3
100,Sprint 10 - Scrum Team 6 - Release X,10,6,Scrum Team 6,REL_X,2024-05-06,2024-05-20,120,3
101,Sprint 11 - Scrum Team 6 - Release X,11,6,Scrum Team 6,REL_X,2024-05-20,2024-06-03,120,3
102,Sprint 12 - Scrum Team 6 - Release X,12,6,Scrum Team 6,REL_X,2024-06-03,2024-06-17,120,3
103,Sprint 13 - Scrum Team 6 - Release X,13,6,Scrum Team 6,REL_X,2024-06-17,2024-07-01,120,3
104,Sprint 14 - Scrum Team 6 - Release X,14,6,Scrum Team 6,REL_X,2024-07-01,2024-07-15,120,3
105,Sprint 15 - Scrum Team 6 - Release X,15,6,Scrum Team 6,REL_X,2024-07-15,2024-07-29,120,3
106,Sprint 16 - Scrum Team 6 - Release X,16,6,Scrum Team 6,REL_X,2024-07-29,2024-08-12,120,3
107,Sprint 17 - Scrum Team 6 - Release X,17,6,Scrum Team 6,REL_X,2024-08-12,2024-08-26,120,3
108,Sprint 18 - Scrum Team 6 - Release X,18,6,Scrum Team 6,REL_X,2024-08-26,2024-09-09,120,3
109,Sprint 1 - Scrum Team 1 - Release X+1,1,1,Scrum Team 1,REL_X+1,2024-03-11,2024-03-25,320,8
110,Sprint 2 - Scrum Team 1 - Release X+1,2,1,Scrum Team 1,REL_X+1,2024-03-25,2024-04-08,320,8
111,Sprint 3 - Scrum Team 1 - Release X+1,3,1,Scrum Team 1,REL_X+1,2024-04-08,2024-04-22,320,8
112,Sprint 4 - Scrum Team 1 - Release X+1,4,1,Scrum Team 1,REL_X+1,2024-04-22,2024-05-06,320,8
113,Sprint 5 - Scrum Team 1 - Release X+1,5,1,Scrum Team 1,REL_X+1,2024-05-06,2024-05-20,320,8
114,Sprint 6 - Scrum Team 1 - Release X+1,6,1,Scrum Team 1,REL_X+1,2024-05-20,2024-06-03,320,8
115,Sprint 7 - Scrum Team 1 - Release X+1,7,1,Scrum Team 1,REL_X+1,2024-06-03,2024-06-17,320,8
116,Sprint 8 - Scrum Team 1 - Release X+1,8,1,Scrum Team 1,REL_X+1,2024-06-17,2024-07-01,320,8
117,Sprint 9 - Scrum Team 1 - Release X+1,9,1,Scrum Team 1,REL_X+1,2024-07-01,2024-07-15,320,8
118,Sprint 10 - Scrum Team 1 - Release X+1,10,1,Scrum Team 1,REL_X+1,2024-07-15,2024-07-29,320,8
119,Sprint 11 - Scrum Team 1 - Release X+1,11,1,Scrum Team 1,REL_X+1,2024-07-29,2024-08-12,320,8
120,Sprint 12 - Scrum Team 1 - Release X+1,12,1,Scrum Team 1,REL_X+1,2024-08-12,2024-08-26,320,8
121,Sprint 13 - Scrum Team 1 - Release X+1,13,1,Scrum Team 1,REL_X+1,2024-08-26,2024-09-09,320,8
122,Sprint 14 - Scrum Team 1 - Release X+1,14,1,Scrum Team 1,REL_X+1,2024-09-09,2024-09-23,320,8
123,Sprint 15 - Scrum Team 1 - Release X+1,15,1,Scrum Team 1,REL_X+1,2024-09-23,2024-10-07,320,8
124,Sprint 16 - Scrum Team 1 - Release X+1,16,1,Scrum Team 1,REL_X+1,2024-10-07,2024-10-21,320,8
125,Sprint 17 - Scrum Team 1 - Release X+1,17,1,Scrum Team 1,REL_X+1,2024-10-21,2024-11-04,320,8
126,Sprint 18 - Scrum Team 1 - Release X+1,18,1,Scrum Team 1,REL_X+1,2024-11-04,2024-11-18,320,8
127,Sprint 1 - Scrum Team 2 - Release X+1,1,2,Scrum Team 2,REL_X+1,2024-03-11,2024-03-25,320,8
128,Sprint 2 - Scrum Team 2 - Release X+1,2,2,Scrum Team 2,REL_X+1,2024-03-25,2024-04-08,320,8
129,Sprint 3 - Scrum Team 2 - Release X+1,3,2,Scrum Team 2,REL_X+1,2024-04-08,2024-04-22,320,8
130,Sprint 4 - Scrum Team 2 - Release X+1,4,2,Scrum Team 2,REL_X+1,2024-04-22,2024-05-06,320,8
131,Sprint 5 - Scrum Team 2 - Release X+1,5,2,Scrum Team 2,REL_X+1,2024-05-06,2024-05-20,320,8
132,Sprint 6 - Scrum Team 2 - Release X+1,6,2,Scrum Team 2,REL_X+1,2024-05-20,2024-06-03,320,8
133,Sprint 7 - Scrum Team 2 - Release X+1,7,2,Scrum Team 2,REL_X+1,2024-06-03,2024-06-17,320,8
134,Sprint 8 - Scrum Team 2 - Release X+1,8,2,Scrum Team 2,REL_X+1,2024-06-17,2024-07-01,320,8
135,Sprint 9 - Scrum Team 2 - Release X+1,9,2,Scrum Team 2,REL_X+1,2024-07-01,2024-07-15,320,8
136,Sprint 10 - Scrum Team 2 - Release X+1,10,2,Scrum Team 2,REL_X+1,2024-07-15,2024-07-29,320,8
137,Sprint 11 - Scrum Team 2 - Release X+1,11,2,Scrum Team 2,REL_X+1,2024-07-29,2024-08-12,320,8
138,Sprint 12 - Scrum Team 2 - Release X+1,12,2,Scrum Team 2,REL_X+1,2024-08-12,2024-08-26,320,8
139,Sprint 13 - Scrum Team 2 - Release X+1,13,2,Scrum Team 2,REL_X+1,2024-08-26,2024-09-09,320,8
140,Sprint 14 - Scrum Team 2 - Release X+1,14,2,Scrum Team 2,REL_X+1,2024-09-09,2024-09-23,320,8
141,Sprint 15 - Scrum Team 2 - Release X+1,15,2,Scrum Team 2,REL_X+1,2024-09-23,2024-10-07,320,8
142,Sprint 16 - Scrum Team 2 - Release X+1,16,2,Scrum Team 2,REL_X+1,2024-10-07,2024-10-21,320,8
143,Sprint 17 - Scrum Team 2 - Release X+1,17,2,Scrum Team 2,REL_X+1,2024-10-21,2024-11-04,320,8
144,Sprint 18 - Scrum Team 2 - Release X+1,18,2,Scrum Team 2,REL_X+1,2024-11-04,2024-11-18,320,8
145,Sprint 1 - Scrum Team 3 - Release X+1,1,3,Scrum Team 3,REL_X+1,2024-03-11,2024-03-25,400,10
146,Sprint 2 - Scrum Team 3 - Release X+1,2,3,Scrum Team 3,REL_X+1,2024-03-25,2024-04-08,400,10
147,Sprint 3 - Scrum Team 3 - Release X+1,3,3,Scrum Team 3,REL_X+1,2024-04-08,2024-04-22,400,10
148,Sprint 4 - Scrum Team 3 - Release X+1,4,3,Scrum Team 3,REL_X+1,2024-04-22,2024-05-06,400,10
149,Sprint 5 - Scrum Team 3 - Release X+1,5,3,Scrum Team 3,REL_X+1,2024-05-06,2024-05-20,400,10
150,Sprint 6 - Scrum Team 3 - Release X+1,6,3,Scrum Team 3,REL_X+1,2024-05-20,2024-06-03,400,10
151,Sprint 7 - Scrum Team 3 - Release X+1,7,3,Scrum Team 3,REL_X+1,2024-06-03,2024-06-17,400,10
152,Sprint 8 - Scrum Team 3 - Release X+1,8,3,Scrum Team 3,REL_X+1,2024-06-17,2024-07-01,400,10
153,Sprint 9 - Scrum Team 3 - Release X+1,9,3,Scrum Team 3,REL_X+1,2024-07-01,2024-07-15,400,10
154,Sprint 10 - Scrum Team 3 - Release X+1,10,3,Scrum Team 3,REL_X+1,2024-07-15,2024-07-29,400,10
155,Sprint 11 - Scrum Team 3 - Release X+1,11,3,Scrum Team 3,REL_X+1,2024-07-29,2024-08-12,400,10
156,Sprint 12 - Scrum Team 3 - Release X+1,12,3,Scrum Team 3,REL_X+1,2024-08-12,2024-08-26,400,10
157,Sprint 13 - Scrum Team 3 - Release X+1,13,3,Scrum Team 3,REL_X+1,2024-08-26,2024-09-09,400,10
158,Sprint 14 - Scrum Team 3 - Release X+1,14,3,Scrum Team 3,REL_X+1,2024-09-09,2024-09-23,400,10
159,Sprint 15 - Scrum Team 3 - Release X+1,15,3,Scrum Team 3,REL_X+1,2024-09-23,2024-10-07,400,10
160,Sprint 16 - Scrum Team 3 - Release X+1,16,3,Scrum Team 3,REL_X+1,2024-10-07,2024-10-21,400,10
161,Sprint 17 - Scrum Team 3 - Release X+1,17,3,Scrum Team 3,REL_X+1,2024-10-21,2024-11-04,400,10
162,Sprint 18 - Scrum Team 3 - Release X+1,18,3,Scrum Team 3,REL_X+1,2024-11-04,2024-11-18,400,10
163,Sprint 1 - Scrum Team 4 - Release X+1,1,4,Scrum Team 4,REL_X+1,2024-03-11,2024-03-25,320,8
164,Sprint 2 - Scrum Team 4 - Release X+1,2,4,Scrum Team 4,REL_X+1,2024-03-25,2024-04-08,320,8
165,Sprint 3 - Scrum Team 4 - Release X+1,3,4,Scrum Team 4,REL_X+1,2024-04-08,2024-04-22,320,8
166,Sprint 4 - Scrum Team 4 - Release X+1,4,4,Scrum Team 4,REL_X+1,2024-04-22,2024-05-06,320,8
167,Sprint 5 - Scrum Team 4 - Release X+1,5,4,Scrum Team 4,REL_X+1,2024-05-06,2024-05-20,320,8
168,Sprint 6 - Scrum Team 4 - Release X+1,6,4,Scrum Team 4,REL_X+1,2024-05-20,2024-06-03,320,8
169,Sprint 7 - Scrum Team 4 - Release X+1,7,4,Scrum Team 4,REL_X+1,2024-06-03,2024-06-17,320,8
170,Sprint 8 - Scrum Team 4 - Release X+1,8,4,Scrum Team 4,REL_X+1,2024-06-17,2024-07-01,320,8
171,Sprint 9 - Scrum Team 4 - Release X+1,9,4,Scrum Team 4,REL_X+1,2024-07-01,2024-07-15,320,8
172,Sprint 10 - Scrum Team 4 - Release X+1,10,4,Scrum Team 4,REL_X+1,2024-07-15,2024-07-29,320,8
173,Sprint 11 - Scrum Team 4 - Release X+1,11,4,Scrum Team 4,REL_X+1,2024-07-29,2024-08-12,320,8
174,Sprint 12 - Scrum Team 4 - Release X+1,12,4,Scrum Team 4,REL_X+1,2024-08-12,2024-08-26,320,8
175,Sprint 13 - Scrum Team 4 - Release X+1,13,4,Scrum Team 4,REL_X+1,2024-08-26,2024-09-09,320,8
176,Sprint 14 - Scrum Team 4 - Release X+1,14,4,Scrum Team 4,REL_X+1,2024-09-09,2024-09-23,320,8
177,Sprint 15 - Scrum Team 4 - Release X+1,15,4,Scrum Team 4,REL_X+1,2024-09-23,2024-10-07,320,8
178,Sprint 16 - Scrum Team 4 - Release X+1,16,4,Scrum Team 4,REL_X+1,2024-10-07,2024-10-21,320,8
179,Sprint 17 - Scrum Team 4 - Release X+1,17,4,Scrum Team 4,REL_X+1,2024-10-21,2024-11-04,320,8
180,Sprint 18 - Scrum Team 4 - Release X+1,18,4,Scrum Team 4,REL_X+1,2024-11-04,2024-11-18,320,8
181,Sprint 1 - Scrum Team 5 - Release X+1,1,5,Scrum Team 5,REL_X+1,2024-03-11,2024-03-25,400,10
182,Sprint 2 - Scrum Team 5 - Release X+1,2,5,Scrum Team 5,REL_X+1,2024-03-25,2024-04-08,400,10
183,Sprint 3 - Scrum Team 5 - Release X+1,3,5,Scrum Team 5,REL_X+1,2024-04-08,2024-04-22,400,10
184,Sprint 4 - Scrum Team 5 - Release X+1,4,5,Scrum Team 5,REL_X+1,2024-04-22,2024-05-06,400,10
185,Sprint 5 - Scrum Team 5 - Release X+1,5,5,Scrum Team 5,REL_X+1,2024-05-06,2024-05-20,400,10
186,Sprint 6 - Scrum Team 5 - Release X+1,6,5,Scrum Team 5,REL_X+1,2024-05-20,2024-06-03,400,10
187,Sprint 7 - Scrum Team 5 - Release X+1,7,5,Scrum Team 5,REL_X+1,2024-06-03,2024-06-17,400,10
188,Sprint 8 - Scrum Team 5 - Release X+1,8,5,Scrum Team 5,REL_X+1,2024-06-17,2024-07-01,400,10
189,Sprint 9 - Scrum Team 5 - Release X+1,9,5,Scrum Team 5,REL_X+1,2024-07-01,2024-07-15,400,10
190,Sprint 10 - Scrum Team 5 - Release X+1,10,5,Scrum Team 5,REL_X+1,2024-07-15,2024-07-29,400,10
191,Sprint 11 - Scrum Team 5 - Release X+1,11,5,Scrum Team 5,REL_X+1,2024-07-29,2024-08-12,400,10
192,Sprint 12 - Scrum Team 5 - Release X+1,12,5,Scrum Team 5,REL_X+1,2024-08-12,2024-08-26,400,10
193,Sprint 13 - Scrum Team 5 - Release X+1,13,5,Scrum Team 5,REL_X+1,2024-08-26,2024-09-09,400,10
194,Sprint 14 - Scrum Team 5 - Release X+1,14,5,Scrum Team 5,REL_X+1,2024-09-09,2024-09-23,400,10
195,Sprint 15 - Scrum Team 5 - Release X+1,15,5,Scrum Team 5,REL_X+1,2024-09-23,2024-10-07,400,10
196,Sprint 16 - Scrum Team 5 - Release X+1,16,5,Scrum Team 5,REL_X+1,2024-10-07,2024-10-21,400,10
197,Sprint 17 - Scrum Team 5 - Release X+1,17,5,Scrum Team 5,REL_X+1,2024-10-21,2024-11-04,400,10
198,Sprint 18 - Scrum Team 5 - Release X+1,18,5,Scrum Team 5,REL_X+1,2024-11-04,2024-11-18,400,10
199,Sprint 1 - Scrum Team 6 - Release X+1,1,6,Scrum Team 6,REL_X+1,2024-03-11,2024-03-25,120,3
200,Sprint 2 - Scrum Team 6 - Release X+1,2,6,Scrum Team 6,REL_X+1,2024-03-25,2024-04-08,120,3
201,Sprint 3 - Scrum Team 6 - Release X+1,3,6,Scrum Team 6,REL_X+1,2024-04-08,2024-04-22,120,3
202,Sprint 4 - Scrum Team 6 - Release X+1,4,6,Scrum Team 6,REL_X+1,2024-04-22,2024-05-06,120,3
203,Sprint 5 - Scrum Team 6 - Release X+1,5,6,Scrum Team 6,REL_X+1,2024-05-06,2024-05-20,120,3
204,Sprint 6 - Scrum Team 6 - Release X+1,6,6,Scrum Team 6,REL_X+1,2024-05-20,2024-06-03,120,3
205,Sprint 7 - Scrum Team 6 - Release X+1,7,6,Scrum Team 6,REL_X+1,2024-06-03,2024-06-17,120,3
206,Sprint 8 - Scrum Team 6 - Release X+1,8,6,Scrum Team 6,REL_X+1,2024-06-17,2024-07-01,120,3
207,Sprint 9 - Scrum Team 6 - Release X+1,9,6,Scrum Team 6,REL_X+1,2024-07-01,2024-07-15,120,3
208,Sprint 10 - Scrum Team 6 - Release X+1,10,6,Scrum Team 6,REL_X+1,2024-07-15,2024-07-29,120,3
209,Sprint 11 - Scrum Team 6 - Release X+1,11,6,Scrum Team 6,REL_X+1,2024-07-29,2024-08-12,120,3
210,Sprint 12 - Scrum Team 6 - Release X+1,12,6,Scrum Team 6,REL_X+1,2024-08-12,2024-08-26,120,3
211,Sprint 13 - Scrum Team 6 - Release X+1,13,6,Scrum Team 6,REL_X+1,2024-08-26,2024-09-09,120,3
212,Sprint 14 - Scrum Team 6 - Release X+1,14,6,Scrum Team 6,REL_X+1,2024-09-09,2024-09-23,120,3
213,Sprint 15 - Scrum Team 6 - Release X+1,15,6,Scrum Team 6,REL_X+1,2024-09-23,2024-10-07,120,3
214,Sprint 16 - Scrum Team 6 - Release X+1,16,6,Scrum Team 6,REL_X+1,2024-10-07,2024-10-21,120,3
215,Sprint 17 - Scrum Team 6 - Release X+1,17,6,Scrum Team 6,REL_X+1,2024-10-21,2024-11-04,120,3
216,Sprint 18 - Scrum Team 6 - Release X+1,18,6,Scrum Team 6,REL_X+1,2024-11-04,2024-11-18,120,3
217,Sprint 1 - Scrum Team 1 - Release X+2,1,1,Scrum Team 1,REL_X+2,2024-05-20,2024-06-03,320,8
218,Sprint 2 - Scrum Team 1 - Release X+2,2,1,Scrum Team 1,REL_X+2,2024-06-03,2024-06-17,320,8
219,Sprint 3 - Scrum Team 1 - Release X+2,3,1,Scrum Team 1,REL_X+2,2024-06-17,2024-07-01,320,8
220,Sprint 4 - Scrum Team 1 - Release X+2,4,1,Scrum Team 1,REL_X+2,2024-07-01,2024-07-15,320,8
221,Sprint 5 - Scrum Team 1 - Release X+2,5,1,Scrum Team 1,REL_X+2,2024-07-15,2024-07-29,320,8
222,Sprint 6 - Scrum Team 1 - Release X+2,6,1,Scrum Team 1,REL_X+2,2024-07-29,2024-08-12,320,8
223,Sprint 7 - Scrum Team 1 - Release X+2,7,1,Scrum Team 1,REL_X+2,2024-08-12,2024-08-26,320,8
224,Sprint 8 - Scrum Team 1 - Release X+2,8,1,Scrum Team 1,REL_X+2,2024-08-26,2024-09-09,320,8
225,Sprint 9 - Scrum Team 1 - Release X+2,9,1,Scrum Team 1,REL_X+2,2024-09-09,2024-09-23,320,8
226,Sprint 10 - Scrum Team 1 - Release X+2,10,1,Scrum Team 1,REL_X+2,2024-09-23,2024-10-07,320,8
227,Sprint 11 - Scrum Team 1 - Release X+2,11,1,Scrum Team 1,REL_X+2,2024-10-07,2024-10-21,320,8
228,Sprint 12 - Scrum Team 1 - Release X+2,12,1,Scrum Team 1,REL_X+2,2024-10-21,2024-11-04,320,8
229,Sprint 13 - Scrum Team 1 - Release X+2,13,1,Scrum Team 1,REL_X+2,2024-11-04,2024-11-18,320,8
230,Sprint 14 - Scrum Team 1 - Release X+2,14,1,Scrum Team 1,REL_X+2,2024-11-18,2024-12-02,320,8
231,Sprint 15 - Scrum Team 1 - Release X+2,15,1,Scrum Team 1,REL_X+2,2024-12-02,2024-12-16,320,8
232,Sprint 16 - Scrum Team 1 - Release X+2,16,1,Scrum Team 1,REL_X+2,2024-12-16,2024-12-30,320,8
233,Sprint 17 - Scrum Team 1 - Release X+2,17,1,Scrum Team 1,REL_X+2,2024-12-30,2025-01-13,320,8
234,Sprint 18 - Scrum Team 1 - Release X+2,18,1,Scrum Team 1,REL_X+2,2025-01-13,2025-01-27,320,8
235,Sprint 1 - Scrum Team 2 - Release X+2,1,2,Scrum Team 2,REL_X+2,2024-05-20,2024-06-03,320,8
236,Sprint 2 - Scrum Team 2 - Release X+2,2,2,Scrum Team 2,REL_X+2,2024-06-03,2024-06-17,320,8
237,Sprint 3 - Scrum Team 2 - Release X+2,3,2,Scrum Team 2,REL_X+2,2024-06-17,2024-07-01,320,8
238,Sprint 4 - Scrum Team 2 - Release X+2,4,2,Scrum Team 2,REL_X+2,2024-07-01,2024-07-15,320,8
239,Sprint 5 - Scrum Team 2 - Release X+2,5,2,Scrum Team 2,REL_X+2,2024-07-15,2024-07-29,320,8
240,Sprint 6 - Scrum Team 2 - Release X+2,6,2,Scrum Team 2,REL_X+2,2024-07-29,2024-08-12,320,8
241,Sprint 7 - Scrum Team 2 - Release X+2,7,2,Scrum Team 2,REL_X+2,2024-08-12,2024-08-26,320,8
242,Sprint 8 - Scrum Team 2 - Release X+2,8,2,Scrum Team 2,REL_X+2,2024-08-26,2024-09-09,320,8
243,Sprint 9 - Scrum Team 2 - Release X+2,9,2,Scrum Team 2,REL_X+2,2024-09-09,2024-09-23,320,8
244,Sprint 10 - Scrum Team 2 - Release X+2,10,2,Scrum Team 2,REL_X+2,2024-09-23,2024-10-07,320,8
245,Sprint 11 - Scrum Team 2 - Release X+2,11,2,Scrum Team 2,REL_X+2,2024-10-07,2024-10-21,320,8
246,Sprint 12 - Scrum Team 2 - Release X+2,12,2,Scrum Team 2,REL_X+2,2024-10-21,2024-11-04,320,8
247,Sprint 13 - Scrum Team 2 - Release X+2,13,2,Scrum Team 2,REL_X+2,2024-11-04,2024-11-18,320,8
248,Sprint 14 - Scrum Team 2 - Release X+2,14,2,Scrum Team 2,REL_X+2,2024-11-18,2024-12-02,320,8
249,Sprint 15 - Scrum Team 2 - Release X+2,15,2,Scrum Team 2,REL_X+2,2024-12-02,2024-12-16,320,8
250,Sprint 16 - Scrum Team 2 - Release X+2,16,2,Scrum Team 2,REL_X+2,2024-12-16,2024-12-30,320,8
251,Sprint 17 - Scrum Team 2 - Release X+2,17,2,Scrum Team 2,REL_X+2,2024-12-30,2025-01-13,320,8
252,Sprint 18 - Scrum Team 2 - Release X+2,18,2,Scrum Team 2,REL_X+2,2025-01-13,2025-01-27,320,8
253,Sprint 1 - Scrum Team 3 - Release X+2,1,3,Scrum Team 3,REL_X+2,2024-05-20,2024-06-03,400,10
254,Sprint 2 - Scrum Team 3 - Release X+2,2,3,Scrum Team 3,REL_X+2,2024-06-03,2024-06-17,400,10
255,Sprint 3 - Scrum Team 3 - Release X+2,3,3,Scrum Team 3,REL_X+2,2024-06-17,2024-07-01,400,10
256,Sprint 4 - Scrum Team 3 - Release X+2,4,3,Scrum Team 3,REL_X+2,2024-07-01,2024-07-15,400,10
257,Sprint 5 - Scrum Team 3 - Release X+2,5,3,Scrum Team 3,REL_X+2,2024-07-15,2024-07-29,400,10
258,Sprint 6 - Scrum Team 3 - Release X+2,6,3,Scrum Team 3,REL_X+2,2024-07-29,2024-08-12,400,10
259,Sprint 7 - Scrum Team 3 - Release X+2,7,3,Scrum Team 3,REL_X+2,2024-08-12,2024-08-26,400,10
260,Sprint 8 - Scrum Team 3 - Release X+2,8,3,Scrum Team 3,REL_X+2,2024-08-26,2024-09-09,400,10
261,Sprint 9 - Scrum Team 3 - Release X+2,9,3,Scrum Team 3,REL_X+2,2024-09-09,2024-09-23,400,10
262,Sprint 10 - Scrum Team 3 - Release X+2,10,3,Scrum Team 3,REL_X+2,2024-09-23,2024-10-07,400,10
263,Sprint 11 - Scrum Team 3 - Release X+2,11,3,Scrum Team 3,REL_X+2,2024-10-07,2024-10-21,400,10
264,Sprint 12 - Scrum Team 3 - Release X+2,12,3,Scrum Team 3,REL_X+2,2024-10-21,2024-11-04,400,10
265,Sprint 13 - Scrum Team 3 - Release X+2,13,3,Scrum Team 3,REL_X+2,2024-11-04,2024-11-18,400,10
266,Sprint 14 - Scrum Team 3 - Release X+2,14,3,Scrum Team 3,REL_X+2,2024-11-18,2024-12-02,400,10
267,Sprint 15 - Scrum Team 3 - Release X+2,15,3,Scrum Team 3,REL_X+2,2024-12-02,2024-12-16,400,10
268,Sprint 16 - Scrum Team 3 - Release X+2,16,3,Scrum Team 3,REL_X+2,2024-12-16,2024-12-30,400,10
269,Sprint 17 - Scrum Team 3 - Release X+2,17,3,Scrum Team 3,REL_X+2,2024-12-30,2025-01-13,400,10
270,Sprint 18 - Scrum Team 3 - Release X+2,18,3,Scrum Team 3,REL_X+2,2025-01-13,2025-01-27,400,10
271,Sprint 1 - Scrum Team 4 - Release X+2,1,4,Scrum Team 4,REL_X+2,2024-05-20,2024-06-03,320,8
272,Sprint 2 - Scrum Team 4 - Release X+2,2,4,Scrum Team 4,REL_X+2,2024-06-03,2024-06-17,320,8
273,Sprint 3 - Scrum Team 4 - Release X+2,3,4,Scrum Team 4,REL_X+2,2024-06-17,2024-07-01,320,8
274,Sprint 4 - Scrum Team 4 - Release X+2,4,4,Scrum Team 4,REL_X+2,2024-07-01,2024-07-15,320,8
275,Sprint 5 - Scrum Team 4 - Release X+2,5,4,Scrum Team 4,REL_X+2,2024-07-15,2024-07-29,320,8
276,Sprint 6 - Scrum Team 4 - Release X+2,6,4,Scrum Team 4,REL_X+2,2024-07-29,2024-08-12,320,8
277,Sprint 7 - Scrum Team 4 - Release X+2,7,4,Scrum Team 4,REL_X+2,2024-08-12,2024-08-26,320,8
278,Sprint 8 - Scrum Team 4 - Release X+2,8,4,Scrum Team 4,REL_X+2,2024-08-26,2024-09-09,320,8
279,Sprint 9 - Scrum Team 4 - Release X+2,9,4,Scrum Team 4,REL_X+2,2024-09-09,2024-09-23,320,8
280,Sprint 10 - Scrum Team 4 - Release X+2,10,4,Scrum Team 4,REL_X+2,2024-09-23,2024-10-07,320,8
281,Sprint 11 - Scrum Team 4 - Release X+2,11,4,Scrum Team 4,REL_X+2,2024-10-07,2024-10-21,320,8
282,Sprint 12 - Scrum Team 4 - Release X+2,12,4,Scrum Team 4,REL_X+2,2024-10-21,2024-11-04,320,8
283,Sprint 13 - Scrum Team 4 - Release X+2,13,4,Scrum Team 4,REL_X+2,2024-11-04,2024-11-18,320,8
284,Sprint 14 - Scrum Team 4 - Release X+2,14,4,Scrum Team 4,REL_X+2,2024-11-18,2024-12-02,320,8
285,Sprint 15 - Scrum Team 4 - Release X+2,15,4,Scrum Team 4,REL_X+2,2024-12-02,2024-12-16,320,8
286,Sprint 16 - Scrum Team 4 - Release X+2,16,4,Scrum Team 4,REL_X+2,2024-12-16,2024-12-30,320,8
287,Sprint 17 - Scrum Team 4 - Release X+2,17,4,Scrum Team 4,REL_X+2,2024-12-30,2025-01-13,320,8
288,Sprint 18 - Scrum Team 4 - Release X+2,18,4,Scrum Team 4,REL_X+2,2025-01-13,2025-01-27,320,8
289,Sprint 1 - Scrum Team 5 - Release X+2,1,5,Scrum Team 5,REL_X+2,2024-05-20,2024-06-03,400,10
290,Sprint 2 - Scrum Team 5 - Release X+2,2,5,Scrum Team 5,REL_X+2,2024-06-03,2024-06-17,400,10
291,Sprint 3 - Scrum Team 5 - Release X+2,3,5,Scrum Team 5,REL_X+2,2024-06-17,2024-07-01,400,10
292,Sprint 4 - Scrum Team 5 - Release X+2,4,5,Scrum Team 5,REL_X+2,2024-07-01,2024-07-15,400,10
293,Sprint 5 - Scrum Team 5 - Release X+2,5,5,Scrum Team 5,REL_X+2,2024-07-15,2024-07-29,400,10
294,Sprint 6 - Scrum Team 5 - Release X+2,6,5,Scrum Team 5,REL_X+2,2024-07-29,2024-08-12,400,10
295,Sprint 7 - Scrum Team 5 - Release X+2,7,5,Scrum Team 5,REL_X+2,2024-08-12,2024-08-26,400,10
296,Sprint 8 - Scrum Team 5 - Release X+2,8,5,Scrum Team 5,REL_X+2,2024-08-26,2024-09-09,400,10
297,Sprint 9 - Scrum Team 5 - Release X+2,9,5,Scrum Team 5,REL_X+2,2024-09-09,2024-09-23,400,10
298,Sprint 10 - Scrum Team 5 - Release X+2,10,5,Scrum Team 5,REL_X+2,2024-09-23,2024-10-07,400,10
299,Sprint 11 - Scrum Team 5 - Release X+2,11,5,Scrum Team 5,REL_X+2,2024-10-07,2024-10-21,400,10
300,Sprint 12 - Scrum Team 5 - Release X+2,12,5,Scrum Team 5,REL_X+2,2024-10-21,2024-11-04,400,10
301,Sprint 13 - Scrum Team 5 - Release X+2,13,5,Scrum Team 5,REL_X+2,2024-11-04,2024-11-18,400,10
302,Sprint 14 - Scrum Team 5 - Release X+2,14,5,Scrum Team 5,REL_X+2,2024-11-18,2024-12-02,400,10
303,Sprint 15 - Scrum Team 5 - Release X+2,15,5,Scrum Team 5,REL_X+2,2024-12-02,2024-12-16,400,10
304,Sprint 16 - Scrum Team 5 - Release X+2,16,5,Scrum Team 5,REL_X+2,2024-12-16,2024-12-30,400,10
305,Sprint 17 - Scrum Team 5 - Release X+2,17,5,Scrum Team 5,REL_X+2,2024-12-30,2025-01-13,400,10
306,Sprint 18 - Scrum Team 5 - Release X+2,18,5,Scrum Team 5,REL_X+2,2025-01-13,2025-01-27,400,10
307,Sprint 1 - Scrum Team 6 - Release X+2,1,6,Scrum Team 6,REL_X+2,2024-05-20,2024-06-03,120,3
308,Sprint 2 - Scrum Team 6 - Release X+2,2,6,Scrum Team 6,REL_X+2,2024-06-03,2024-06-17,120,3
309,Sprint 3 - Scrum Team 6 - Release X+2,3,6,Scrum Team 6,REL_X+2,2024-06-17,2024-07-01,120,3
310,Sprint 4 - Scrum Team 6 - Release X+2,4,6,Scrum Team 6,REL_X+2,2024-07-01,2024-07-15,120,3
311,Sprint 5 - Scrum Team 6 - Release X+2,5,6,Scrum Team 6,REL_X+2,2024-07-15,2024-07-29,120,3
312,Sprint 6 - Scrum Team 6 - Release X+2,6,6,Scrum Team 6,REL_X+2,2024-07-29,2024-08-12,120,3
313,Sprint 7 - Scrum Team 6 - Release X+2,7,6,Scrum Team 6,REL_X+2,2024-08-12,2024-08-26,120,3
314,Sprint 8 - Scrum Team 6 - Release X+2,8,6,Scrum Team 6,REL_X+2,2024-08-26,2024-09-09,120,3
315,Sprint 9 - Scrum Team 6 - Release X+2,9,6,Scrum Team 6,REL_X+2,2024-09-09,2024-09-23,120,3
316,Sprint 10 - Scrum Team 6 - Release X+2,10,6,Scrum Team 6,REL_X+2,2024-09-23,2024-10-07,120,3
317,Sprint 11 - Scrum Team 6 - Release X+2,11,6,Scrum Team 6,REL_X+2,2024-10-07,2024-10-21,120,3
318,Sprint 12 - Scrum Team 6 - Release X+2,12,6,Scrum Team 6,REL_X+2,2024-10-21,2024-11-04,120,3
319,Sprint 13 - Scrum Team 6 - Release X+2,13,6,Scrum Team 6,REL_X+2,2024-11-04,2024-11-18,120,3
320,Sprint 14 - Scrum Team 6 - Release X+2,14,6,Scrum Team 6,REL_X+2,2024-11-18,2024-12-02,120,3
321,Sprint 15 - Scrum Team 6 - Release X+2,15,6,Scrum Team 6,REL_X+2,2024-12-02,2024-12-16,120,3
322,Sprint 16 - Scrum Team 6 - Release X+2,16,6,Scrum Team 6,REL_X+2,2024-12-16,2024-12-30,120,3
323,Sprint 17 - Scrum Team 6 - Release X+2,17,6,Scrum Team 6,REL_X+2,2024-12-30,2025-01-13,120,3
324,Sprint 18 - Scrum Team 6 - Release X+2,18,6,Scrum Team 6,REL_X+2,2025-01-13,2025-01-27,120,3
